{
  "backprop" : true,
  "backpropType" : "TruncatedBPTT",
  "cacheMode" : "NONE",
  "confs" : [ {
    "cacheMode" : "NONE",
    "epochCount" : 0,
    "iterationCount" : 0,
    "l1ByParam" : {
      "b" : 0.0,
      "RW" : 0.0,
      "W" : 0.0
    },
    "l2ByParam" : {
      "b" : 0.0,
      "RW" : 0.001,
      "W" : 0.001
    },
    "layer" : {
      "LSTM" : {
        "activationFn" : {
          "Sigmoid" : { }
        },
        "biasInit" : 0.0,
        "biasUpdater" : null,
        "constraints" : null,
        "dist" : null,
        "distRecurrent" : null,
        "forgetGateBiasInit" : 1.0,
        "gateActivationFn" : {
          "Sigmoid" : { }
        },
        "gradientNormalization" : "None",
        "gradientNormalizationThreshold" : 1.0,
        "idropout" : null,
        "iupdater" : {
          "@class" : "org.nd4j.linalg.learning.config.RmsProp",
          "epsilon" : 1.0E-8,
          "learningRate" : 0.04,
          "rmsDecay" : 0.95
        },
        "l1" : 0.0,
        "l1Bias" : 0.0,
        "l2" : 0.001,
        "l2Bias" : 0.0,
        "layerName" : "layer0",
        "nin" : 15,
        "nout" : 360,
        "weightInit" : "XAVIER",
        "weightInitRecurrent" : null,
        "weightNoise" : null
      }
    },
    "maxNumLineSearchIterations" : 5,
    "miniBatch" : true,
    "minimize" : true,
    "optimizationAlgo" : "STOCHASTIC_GRADIENT_DESCENT",
    "pretrain" : false,
    "seed" : 84425,
    "stepFunction" : null,
    "variables" : [ "W", "RW", "b" ]
  }, {
    "cacheMode" : "NONE",
    "epochCount" : 0,
    "iterationCount" : 0,
    "l1ByParam" : {
      "b" : 0.0,
      "RW" : 0.0,
      "W" : 0.0
    },
    "l2ByParam" : {
      "b" : 0.0,
      "RW" : 0.001,
      "W" : 0.001
    },
    "layer" : {
      "LSTM" : {
        "activationFn" : {
          "TanH" : { }
        },
        "biasInit" : 0.0,
        "biasUpdater" : null,
        "constraints" : null,
        "dist" : null,
        "distRecurrent" : null,
        "forgetGateBiasInit" : 1.0,
        "gateActivationFn" : {
          "Sigmoid" : { }
        },
        "gradientNormalization" : "None",
        "gradientNormalizationThreshold" : 1.0,
        "idropout" : null,
        "iupdater" : {
          "@class" : "org.nd4j.linalg.learning.config.RmsProp",
          "epsilon" : 1.0E-8,
          "learningRate" : 0.04,
          "rmsDecay" : 0.95
        },
        "l1" : 0.0,
        "l1Bias" : 0.0,
        "l2" : 0.001,
        "l2Bias" : 0.0,
        "layerName" : "layer1",
        "nin" : 360,
        "nout" : 360,
        "weightInit" : "XAVIER",
        "weightInitRecurrent" : null,
        "weightNoise" : null
      }
    },
    "maxNumLineSearchIterations" : 5,
    "miniBatch" : true,
    "minimize" : true,
    "optimizationAlgo" : "STOCHASTIC_GRADIENT_DESCENT",
    "pretrain" : false,
    "seed" : 84425,
    "stepFunction" : null,
    "variables" : [ "W", "RW", "b" ]
  }, {
    "cacheMode" : "NONE",
    "epochCount" : 0,
    "iterationCount" : 0,
    "l1ByParam" : {
      "b" : 0.0,
      "RW" : 0.0,
      "W" : 0.0
    },
    "l2ByParam" : {
      "b" : 0.0,
      "RW" : 0.001,
      "W" : 0.001
    },
    "layer" : {
      "LSTM" : {
        "activationFn" : {
          "TanH" : { }
        },
        "biasInit" : 0.0,
        "biasUpdater" : null,
        "constraints" : null,
        "dist" : null,
        "distRecurrent" : null,
        "forgetGateBiasInit" : 1.0,
        "gateActivationFn" : {
          "Sigmoid" : { }
        },
        "gradientNormalization" : "None",
        "gradientNormalizationThreshold" : 1.0,
        "idropout" : null,
        "iupdater" : {
          "@class" : "org.nd4j.linalg.learning.config.RmsProp",
          "epsilon" : 1.0E-8,
          "learningRate" : 0.04,
          "rmsDecay" : 0.95
        },
        "l1" : 0.0,
        "l1Bias" : 0.0,
        "l2" : 0.001,
        "l2Bias" : 0.0,
        "layerName" : "layer2",
        "nin" : 360,
        "nout" : 360,
        "weightInit" : "XAVIER",
        "weightInitRecurrent" : null,
        "weightNoise" : null
      }
    },
    "maxNumLineSearchIterations" : 5,
    "miniBatch" : true,
    "minimize" : true,
    "optimizationAlgo" : "STOCHASTIC_GRADIENT_DESCENT",
    "pretrain" : false,
    "seed" : 84425,
    "stepFunction" : null,
    "variables" : [ "W", "RW", "b" ]
  }, {
    "cacheMode" : "NONE",
    "epochCount" : 0,
    "iterationCount" : 0,
    "l1ByParam" : {
      "b" : 0.0,
      "RW" : 0.0,
      "W" : 0.0
    },
    "l2ByParam" : {
      "b" : 0.0,
      "RW" : 0.001,
      "W" : 0.001
    },
    "layer" : {
      "LSTM" : {
        "activationFn" : {
          "TanH" : { }
        },
        "biasInit" : 0.0,
        "biasUpdater" : null,
        "constraints" : null,
        "dist" : null,
        "distRecurrent" : null,
        "forgetGateBiasInit" : 1.0,
        "gateActivationFn" : {
          "Sigmoid" : { }
        },
        "gradientNormalization" : "None",
        "gradientNormalizationThreshold" : 1.0,
        "idropout" : null,
        "iupdater" : {
          "@class" : "org.nd4j.linalg.learning.config.RmsProp",
          "epsilon" : 1.0E-8,
          "learningRate" : 0.04,
          "rmsDecay" : 0.95
        },
        "l1" : 0.0,
        "l1Bias" : 0.0,
        "l2" : 0.001,
        "l2Bias" : 0.0,
        "layerName" : "layer3",
        "nin" : 360,
        "nout" : 360,
        "weightInit" : "XAVIER",
        "weightInitRecurrent" : null,
        "weightNoise" : null
      }
    },
    "maxNumLineSearchIterations" : 5,
    "miniBatch" : true,
    "minimize" : true,
    "optimizationAlgo" : "STOCHASTIC_GRADIENT_DESCENT",
    "pretrain" : false,
    "seed" : 84425,
    "stepFunction" : null,
    "variables" : [ "W", "RW", "b" ]
  }, {
    "cacheMode" : "NONE",
    "epochCount" : 0,
    "iterationCount" : 0,
    "l1ByParam" : {
      "b" : 0.0,
      "W" : 0.0
    },
    "l2ByParam" : {
      "b" : 0.0,
      "W" : 0.001
    },
    "layer" : {
      "rnnoutput" : {
        "activationFn" : {
          "Softmax" : { }
        },
        "biasInit" : 0.0,
        "biasUpdater" : null,
        "constraints" : null,
        "dist" : null,
        "gradientNormalization" : "None",
        "gradientNormalizationThreshold" : 1.0,
        "hasBias" : true,
        "idropout" : null,
        "iupdater" : {
          "@class" : "org.nd4j.linalg.learning.config.RmsProp",
          "epsilon" : 1.0E-8,
          "learningRate" : 0.04,
          "rmsDecay" : 0.95
        },
        "l1" : 0.0,
        "l1Bias" : 0.0,
        "l2" : 0.001,
        "l2Bias" : 0.0,
        "layerName" : "layer4",
        "lossFn" : {
          "MCXENT" : {
            "softmaxClipEps" : 1.0E-10,
            "configProperties" : false
          }
        },
        "nin" : 360,
        "nout" : 15,
        "weightInit" : "XAVIER",
        "weightNoise" : null
      }
    },
    "maxNumLineSearchIterations" : 5,
    "miniBatch" : true,
    "minimize" : true,
    "optimizationAlgo" : "STOCHASTIC_GRADIENT_DESCENT",
    "pretrain" : false,
    "seed" : 84425,
    "stepFunction" : null,
    "variables" : [ "W", "b" ]
  } ],
  "epochCount" : 0,
  "inferenceWorkspaceMode" : "SEPARATE",
  "inputPreProcessors" : { },
  "iterationCount" : 14340,
  "pretrain" : false,
  "tbpttBackLength" : 355,
  "tbpttFwdLength" : 355,
  "trainingWorkspaceMode" : "SEPARATE"
}